model,mae,rmse,r2,accuracy,f1_macro
random_forest_multioutput,0.7705067146490476,1.2616635950207085,0.11700643937421933,,
svm_classifier,,,,0.9708571428571429,0.9713005107377387
knn_dO_regressor,1.1132440241428572,1.6447224549938186,0.1554356700506485,,
